Comentario,Label
Todo perfecto. Laudantium fuga autem maxime.,1
Buena calidad. Quia tempore autem.,1
Muy satisfecho con mi compra. In corporis quisquam labore animi omnis.,1
Relación calidad-precio excelente. Aliquam voluptates officia odio eaque.,1
No era lo que esperaba. Error beatae nesciunt.,0
Excelente servicio. Aut veritatis et suscipit repudiandae magni laborum.,1
Mala atención al cliente. Facere laboriosam labore aperiam.,0
Muy mala experiencia. Commodi nesciunt soluta blanditiis voluptate expedita dolorem.,0
Relación calidad-precio excelente. Explicabo explicabo sit repellendus numquam quisquam eos.,1
Producto llegó a tiempo. Ab laboriosam esse nostrum.,1
No volveré a comprar. At earum facilis blanditiis ab sit quos in.,0
Mala atención al cliente. Omnis non odio aliquam odit.,0
Muy recomendable. Excepturi optio harum perferendis quis quod.,1
Buena calidad. Ab inventore eius distinctio hic facilis.,1
Producto llegó a tiempo. Placeat ut reiciendis excepturi nostrum libero.,1
Me llegó incompleto. Quis quibusdam consectetur distinctio vero cum.,0
Llegó tarde. Pariatur ullam voluptate a at.,0
Relación calidad-precio excelente. Illum harum iusto a facere ea nihil porro.,1
No volveré a comprar. Illo minima omnis assumenda harum.,0
Atención rápida y eficaz. Doloribus quidem ipsam laborum et nam officia.,1
Difícil de usar. Omnis architecto animi hic praesentium.,0
Pésimo servicio. Suscipit voluptatem laudantium.,0
Me llegó incompleto. Ex quasi minima doloribus necessitatibus tempore.,0
Buena calidad. Ratione reiciendis optio minus cupiditate harum tempore.,1
Buen embalaje. Minima voluptatem occaecati et nulla.,1
Buen embalaje. Dicta accusamus recusandae.,1
Producto defectuoso. Fugit quos ratione.,0
No era lo que esperaba. Culpa numquam impedit repellendus fugit.,0
Mala atención al cliente. Reprehenderit veritatis vel vel dolores laboriosam.,0
Volveré a comprar. Nihil placeat nostrum non nobis.,1
No cumple con lo prometido. Quas velit nulla.,0
No era lo que esperaba. Expedita autem similique.,0
Todo perfecto. Tempore autem iste.,1
Relación calidad-precio excelente. Incidunt odio sunt quod quis maiores neque deserunt.,1
Volveré a comprar. Quaerat cupiditate ea cum.,1
Mala atención al cliente. Occaecati tempore quisquam laudantium rem soluta.,0
Producto llegó a tiempo. Minima fugiat sapiente.,1
Funcionó como esperaba. Perspiciatis porro optio porro.,1
Empaque en mal estado. Molestias doloribus nesciunt autem maxime.,0
Pésimo servicio. Animi omnis asperiores fugit qui pariatur minus enim.,0
Excelente servicio. Expedita aliquid praesentium.,1
No volveré a comprar. Porro dicta at.,0
Buena calidad. Libero voluptatibus autem.,1
Me llegó incompleto. Possimus recusandae autem voluptate beatae mollitia similique ex.,0
Excelente servicio. Recusandae dolores reiciendis esse ipsum.,1
Muy satisfecho con mi compra. In vitae facilis expedita unde error iusto et.,1
Buen embalaje. Facere in error et error.,1
Relación calidad-precio excelente. Magnam repellat dolor mollitia.,1
Todo perfecto. Alias aliquam reiciendis illum expedita sapiente.,1
Todo perfecto. Cum harum nisi commodi dolor.,1
Producto defectuoso. Nam natus fuga voluptates rerum aliquid.,0
Me llegó incompleto. Sequi possimus voluptas excepturi.,0
Me encantó el producto. Repellendus non numquam aut.,1
Relación calidad-precio excelente. Officia nam inventore.,1
Empaque en mal estado. Officiis consequatur veritatis possimus deserunt sit iusto.,0
Difícil de usar. Nam optio tempore enim soluta sunt aut.,0
Pésimo servicio. Ab beatae dolorum corporis similique.,0
Excelente servicio. Nobis non nemo eveniet molestiae quis tempore.,1
Buen embalaje. Accusamus quod suscipit vel inventore perspiciatis.,1
Buen embalaje. Minima magnam nobis officia molestiae eos totam.,1
Pésimo servicio. Quis sint veritatis quam dolor delectus beatae pariatur.,0
Llegó tarde. Quidem officiis quia id.,0
Empaque en mal estado. Delectus in quidem.,0
Funcionó como esperaba. Amet ipsam nihil quisquam excepturi iure natus velit.,1
No volveré a comprar. Vero vitae ipsam.,0
Relación calidad-precio excelente. Dicta provident impedit sit omnis aut.,1
Buen embalaje. Quae est quam porro nam eligendi voluptate.,1
Funcionó como esperaba. Voluptatum laborum praesentium aliquid sapiente vel debitis voluptatem.,1
No cumple con lo prometido. Distinctio eos illum blanditiis hic accusantium a.,0
Todo perfecto. Inventore iste ex ab pariatur nulla aspernatur.,1
Muy satisfecho con mi compra. Explicabo ipsa distinctio natus nulla.,1
Mala atención al cliente. Maiores ea impedit inventore officiis provident.,0
Me encantó el producto. Molestiae esse quos sunt aperiam cum facere.,1
Difícil de usar. Quod explicabo perferendis sapiente harum nihil ex libero.,0
Muy recomendable. Nulla dolor perspiciatis totam asperiores quam.,1
Muy mala experiencia. Facere excepturi officia vel magni tenetur culpa.,0
No cumple con lo prometido. Maxime similique mollitia voluptates.,0
Me llegó incompleto. Possimus dolor quae velit magnam explicabo voluptatibus.,0
Excelente servicio. Perspiciatis nihil nobis et rem quisquam.,1
Difícil de usar. Esse assumenda voluptatem amet dolorum quidem enim.,0
Muy mala experiencia. Amet ut soluta debitis aliquam.,0
Funcionó como esperaba. Minima quas repellat neque illo.,1
Todo perfecto. Consectetur porro vero debitis voluptatibus maiores.,1
Producto dañado. Nisi quas eos ipsam fugit voluptatum sunt consequuntur.,0
Producto dañado. Aspernatur architecto est.,0
Me encantó el producto. Earum earum saepe modi minima voluptatum.,1
Me llegó incompleto. Quo ipsum odio facilis.,0
Muy recomendable. Cum fugiat doloribus maiores officiis pariatur cupiditate ea.,1
Atención rápida y eficaz. Explicabo praesentium doloremque cupiditate.,1
Producto defectuoso. Mollitia assumenda quisquam.,0
Volveré a comprar. Laboriosam neque pariatur nisi enim repellendus modi.,1
Muy satisfecho con mi compra. Voluptas natus exercitationem esse.,1
No cumple con lo prometido. Totam dolore doloribus numquam commodi nisi totam aperiam.,0
Producto dañado. Sit facere illum sit.,0
Relación calidad-precio excelente. Labore nisi dolorum iste harum laboriosam.,1
Empaque en mal estado. Totam explicabo debitis voluptatum laboriosam facilis.,0
Llegó tarde. Atque illum assumenda mollitia sunt soluta officia.,0
Buena calidad. Optio quaerat sapiente rem praesentium iusto possimus.,1
Buen embalaje. Vel modi harum dicta recusandae tempore fugit.,1
Muy recomendable. Ad molestiae a facere fugiat.,1
No cumple con lo prometido. Deleniti dolor architecto hic dolorem veritatis error.,0
Buen embalaje. Fugit exercitationem quos modi magni doloremque molestiae.,1
Mala atención al cliente. Iusto enim aperiam maxime.,0
Producto dañado. Iusto minus magnam consectetur ullam ullam non omnis.,0
Me llegó incompleto. Laboriosam ipsam occaecati sed adipisci accusantium porro.,0
Mala atención al cliente. Quis cumque beatae odit.,0
Me encantó el producto. Maiores facere dolor.,1
Funcionó como esperaba. At cupiditate explicabo explicabo aliquid.,1
Atención rápida y eficaz. Alias ut ab eum.,1
No volveré a comprar. Suscipit nisi praesentium occaecati magnam.,0
Todo perfecto. Natus nihil sed harum iure veniam.,1
Producto dañado. Labore unde repellendus hic nisi.,0
Empaque en mal estado. Possimus sapiente omnis.,0
Me llegó incompleto. Temporibus nulla sapiente aliquid culpa praesentium.,0
Me encantó el producto. Tempore magni eaque magni quasi molestias.,1
Muy recomendable. Totam velit praesentium corrupti iure.,1
Buen embalaje. Placeat pariatur hic voluptatum ipsum aliquam.,1
No volveré a comprar. Excepturi distinctio repellendus nulla.,0
Difícil de usar. Rerum doloribus at blanditiis.,0
Pésimo servicio. Libero et aperiam eum optio deleniti nihil.,0
Muy satisfecho con mi compra. Pariatur laudantium sit debitis.,1
Muy satisfecho con mi compra. Non nesciunt rem perspiciatis.,1
Buen embalaje. Incidunt nobis similique aliquid unde tenetur ipsam.,1
Excelente servicio. Itaque maiores dolorum quam amet et nisi.,1
Mala atención al cliente. Sit autem consequatur repellendus inventore dolor quisquam.,0
Producto defectuoso. Itaque maxime earum in odit eum.,0
Todo perfecto. Dolorem vel ratione pariatur laboriosam.,1
Mala atención al cliente. Maxime velit pariatur rerum.,0
Me llegó incompleto. Aperiam quibusdam ipsum sint.,0
Llegó tarde. Esse necessitatibus voluptatem fugiat voluptas reprehenderit dicta.,0
No era lo que esperaba. Aperiam nesciunt qui suscipit.,0
Muy mala experiencia. Ducimus ducimus optio.,0
Muy mala experiencia. Porro nemo velit excepturi accusamus.,0
Me llegó incompleto. Autem quo libero saepe iste quo.,0
No era lo que esperaba. Dicta facilis eaque iusto natus.,0
Mala atención al cliente. Commodi inventore ad veritatis.,0
Producto dañado. Nisi itaque tempore.,0
Todo perfecto. Asperiores officia illo.,1
Pésimo servicio. Culpa hic quisquam doloribus necessitatibus.,0
No cumple con lo prometido. Porro maxime aliquam perferendis expedita repellat.,0
Excelente servicio. Sit quos deleniti.,1
Excelente servicio. Nihil quos vitae alias.,1
Volveré a comprar. Dolorem sint enim accusamus praesentium eius.,1
Muy satisfecho con mi compra. Delectus itaque modi porro dolores.,1
Buena calidad. Magnam unde voluptatem laboriosam numquam.,1
Buena calidad. Modi pariatur laudantium reprehenderit.,1
Atención rápida y eficaz. Eum in a laborum earum.,1
Muy recomendable. Dolorem velit fuga voluptatem optio architecto.,1
Me llegó incompleto. Dolores perspiciatis incidunt molestias quos.,0
Muy satisfecho con mi compra. Accusantium quam sint doloribus.,1
Funcionó como esperaba. Quo ullam possimus aut doloribus.,1
No volveré a comprar. Vel id impedit vero odio numquam.,0
Muy satisfecho con mi compra. Consequatur quod cum consectetur possimus.,1
Producto llegó a tiempo. Id fuga esse temporibus neque consequuntur.,1
Relación calidad-precio excelente. Cum rem aperiam alias repellat temporibus eveniet.,1
No volveré a comprar. Qui provident consequuntur voluptate nesciunt reiciendis.,0
Atención rápida y eficaz. Nostrum doloribus quisquam laudantium.,1
Todo perfecto. Hic dolore velit impedit tenetur.,1
Atención rápida y eficaz. Hic officia optio architecto labore.,1
Todo perfecto. Doloremque cumque porro in deserunt earum aliquam.,1
No cumple con lo prometido. Perferendis distinctio omnis accusantium.,0
Muy mala experiencia. Ex nemo necessitatibus molestias.,0
Volveré a comprar. Labore officia maiores molestiae reprehenderit neque iusto quidem.,1
Buena calidad. Exercitationem non qui quisquam.,1
Mala atención al cliente. Enim distinctio nemo facere repellat culpa nesciunt.,0
Me llegó incompleto. Nam saepe ea quo eligendi harum earum.,0
Relación calidad-precio excelente. Repudiandae sit eos qui fuga dolor inventore voluptates.,1
Llegó tarde. Eum neque temporibus quis quos id.,0
No volveré a comprar. Aut voluptates ut ipsa eos non placeat.,0
Producto dañado. Quia qui incidunt ut exercitationem.,0
Excelente servicio. Consequuntur mollitia eligendi aliquam molestiae quos.,1
Atención rápida y eficaz. Eaque natus tempora voluptas tenetur.,1
Funcionó como esperaba. Magnam exercitationem blanditiis distinctio.,1
Difícil de usar. Suscipit voluptate fugit vitae consectetur animi pariatur.,0
Muy mala experiencia. Illum quaerat consequuntur perspiciatis a soluta praesentium beatae.,0
Todo perfecto. Quos facilis sit labore saepe.,1
Producto defectuoso. Fugiat at odit.,0
Producto dañado. Atque repellat molestiae nisi corrupti quisquam iure.,0
Llegó tarde. Neque corporis sequi minima soluta ex.,0
Todo perfecto. Repellat explicabo distinctio amet consectetur in tenetur.,1
Difícil de usar. Blanditiis sed ipsa quia quaerat asperiores atque.,0
Volveré a comprar. Cum distinctio eum officiis.,1
Buen embalaje. At saepe deserunt perspiciatis.,1
Todo perfecto. Deserunt deserunt praesentium eum voluptatibus quisquam nobis eum.,1
Buen embalaje. Cumque repudiandae quibusdam molestiae aperiam.,1
Relación calidad-precio excelente. Quibusdam labore excepturi ipsam ratione.,1
Buena calidad. Ab voluptate maxime commodi eius sequi.,1
Producto dañado. Rerum voluptates sed dicta sit eius error.,0
Me llegó incompleto. Ipsum alias atque quibusdam voluptatum nisi.,0
Atención rápida y eficaz. Itaque distinctio ut magni adipisci fugiat fuga exercitationem.,1
No era lo que esperaba. Voluptatum laborum est nemo inventore.,0
Producto defectuoso. Sit perferendis suscipit.,0
Llegó tarde. Occaecati blanditiis aliquam ducimus quae ipsam distinctio iusto.,0
Buena calidad. Consequatur a nisi quis.,1
No volveré a comprar. Amet voluptas nisi sint.,0
Buena calidad. Impedit recusandae quis ex.,1
Volveré a comprar. Possimus optio perspiciatis nisi.,1
Me llegó incompleto. Perspiciatis pariatur animi sequi deleniti.,0
Buen embalaje. Doloribus earum suscipit repellendus enim iusto eos esse.,1
Pésimo servicio. Eaque dolor vero nesciunt nihil incidunt.,0
Mala atención al cliente. Quod eaque minus illo expedita.,0
Funcionó como esperaba. Quae fugit tempore nulla natus cumque magni.,1
Relación calidad-precio excelente. Exercitationem quia vero inventore.,1
Funcionó como esperaba. Quidem ipsam eligendi et eum laborum nam.,1
Llegó tarde. Saepe itaque placeat nulla.,0
No era lo que esperaba. Quia aliquid fugiat dolores optio.,0
Volveré a comprar. Odio corrupti accusantium officiis aliquam.,1
Buen embalaje. Aliquid delectus facere et explicabo aspernatur.,1
Difícil de usar. Laboriosam libero harum non.,0
Mala atención al cliente. Odio reprehenderit ad expedita.,0
Funcionó como esperaba. Tempore aspernatur necessitatibus necessitatibus facere earum.,1
Volveré a comprar. Numquam esse tempora repellat.,1
Producto dañado. Corporis officiis praesentium eaque.,0
No era lo que esperaba. Suscipit tempora quas voluptatibus repellat totam.,0
Atención rápida y eficaz. Tenetur rem assumenda.,1
Me encantó el producto. Numquam voluptas id vero veniam dignissimos.,1
Producto defectuoso. Rerum debitis numquam laborum.,0
Me llegó incompleto. Maiores tempora laudantium officiis minima.,0
Mala atención al cliente. Voluptatem deserunt laborum ducimus enim.,0
Producto defectuoso. Sapiente tempore eius omnis consequatur doloremque.,0
Funcionó como esperaba. Ex dicta illum nulla voluptatibus.,1
Todo perfecto. Necessitatibus delectus repellat dolor vero alias minima.,1
Producto llegó a tiempo. Excepturi dolore totam totam beatae distinctio enim.,1
Muy recomendable. Repellendus corporis adipisci atque accusantium expedita est.,1
Producto dañado. Consequuntur maxime ad quam nulla recusandae.,0
Muy mala experiencia. Dolorum laborum molestiae dolorum sed odio.,0
Pésimo servicio. Distinctio soluta quia ad.,0
Producto dañado. Hic mollitia asperiores similique.,0
Me encantó el producto. Animi inventore occaecati dolor ut.,1
Me llegó incompleto. Soluta deserunt quisquam animi delectus aperiam.,0
Producto dañado. Reiciendis facilis ipsum ducimus repudiandae porro voluptatem.,0
Muy recomendable. Odit quam commodi ipsam ad at eligendi ducimus.,1
Me llegó incompleto. Quaerat eaque optio autem.,0
Funcionó como esperaba. Illum excepturi iure quas asperiores ab nam.,1
Empaque en mal estado. Animi eius molestiae.,0
Producto defectuoso. Nulla delectus consequatur quisquam nisi ipsa.,0
Excelente servicio. Dolorem ratione voluptate itaque blanditiis temporibus.,1
Llegó tarde. Consequuntur similique necessitatibus.,0
Empaque en mal estado. Eligendi pariatur animi consectetur optio ipsa.,0
Pésimo servicio. Beatae aspernatur quam optio delectus corporis.,0
No cumple con lo prometido. Iusto ex consequatur molestiae distinctio nesciunt porro.,0
No cumple con lo prometido. Natus ipsa ab quos.,0
Relación calidad-precio excelente. Suscipit accusantium nemo sit fuga.,1
Producto llegó a tiempo. Explicabo quas adipisci.,1
Atención rápida y eficaz. Autem dolorem quasi.,1
Excelente servicio. Placeat excepturi tenetur dolorum quaerat cumque.,1
Relación calidad-precio excelente. Harum ducimus sit voluptatem praesentium aspernatur culpa.,1
Empaque en mal estado. Quis amet consectetur accusantium aspernatur.,0
Muy satisfecho con mi compra. Ipsa possimus ut maiores aperiam.,1
Producto defectuoso. Amet sint enim soluta error porro.,0
Excelente servicio. Quas qui ipsum odio delectus maiores.,1
Producto defectuoso. Porro dolorum sit ea necessitatibus enim.,0
Producto dañado. Atque sit impedit veniam quas.,0
Muy satisfecho con mi compra. Maiores animi repellendus aspernatur quo exercitationem dolores sapiente.,1
Excelente servicio. Odio quis totam expedita.,1
Buen embalaje. Accusantium non nesciunt pariatur consequatur omnis laboriosam.,1
Producto defectuoso. Voluptas dolor iste qui iste.,0
Producto llegó a tiempo. Dignissimos deleniti iste distinctio reprehenderit nobis esse.,1
Muy mala experiencia. Architecto eaque voluptate aliquam dolor ea.,0
Muy satisfecho con mi compra. Repellendus quaerat aut fugiat.,1
Atención rápida y eficaz. Nobis blanditiis vel ratione soluta quas nisi.,1
Atención rápida y eficaz. Corporis quae tempora assumenda quidem minus praesentium.,1
No volveré a comprar. Illum eum esse voluptates ab facere.,0
No volveré a comprar. Quisquam illo eligendi quae est tenetur.,0
Producto defectuoso. Ex eligendi pariatur animi eaque voluptate.,0
Volveré a comprar. Minima ipsa odio rem voluptatum esse reiciendis.,1
Mala atención al cliente. Fuga perspiciatis recusandae ipsam perferendis.,0
Muy mala experiencia. Perferendis aperiam at suscipit ducimus quibusdam.,0
Buen embalaje. Nostrum optio tenetur dolore quaerat.,1
Todo perfecto. Et error quo a dicta molestiae.,1
Todo perfecto. Totam reiciendis voluptate in mollitia.,1
Todo perfecto. Iure facilis sed aliquam quo animi qui.,1
Difícil de usar. Laudantium adipisci illo ipsa sed.,0
Relación calidad-precio excelente. Aliquam distinctio asperiores sequi quidem nemo facere iste.,1
Producto llegó a tiempo. Quibusdam esse minima id magnam molestiae.,1
Excelente servicio. Quidem voluptate laboriosam laudantium quae.,1
Producto llegó a tiempo. Nostrum neque ex suscipit.,1
Atención rápida y eficaz. Reiciendis rem modi reiciendis earum expedita ex.,1
Pésimo servicio. Atque voluptates vitae ad occaecati nostrum.,0
Me encantó el producto. Laudantium ducimus vel dolorum dolores perspiciatis porro quas.,1
Todo perfecto. Reprehenderit labore ex non quaerat pariatur dolorem.,1
Muy mala experiencia. Nobis quas accusamus praesentium neque facere rerum repellendus.,0
Mala atención al cliente. Iste est odio exercitationem.,0
Me encantó el producto. Officiis odio adipisci quaerat.,1
Muy satisfecho con mi compra. Laborum explicabo dolor.,1
Relación calidad-precio excelente. Quidem mollitia sit ipsum blanditiis sint.,1
Producto dañado. Nostrum illo quidem veritatis fugiat ut sit esse.,0
Todo perfecto. Quod praesentium odio.,1
Todo perfecto. Eum omnis in.,1
Volveré a comprar. Molestias ipsam magni odit incidunt.,1
Empaque en mal estado. Autem suscipit expedita nostrum.,0
Producto dañado. Corrupti aspernatur quia aspernatur voluptates sapiente veniam.,0
Buena calidad. Laborum officiis corporis dolorem.,1
Producto defectuoso. Possimus nostrum illo voluptates velit dolore maiores.,0
Muy recomendable. Pariatur animi aliquam sit quia.,1
Me encantó el producto. Quis dolore necessitatibus quam atque.,1
Producto llegó a tiempo. Quia consectetur quisquam dignissimos adipisci voluptatum eum hic.,1
Todo perfecto. Facilis repudiandae enim architecto commodi nesciunt provident.,1
No volveré a comprar. Sunt qui ipsa.,0
Muy recomendable. Ipsa qui distinctio veniam odio suscipit quibusdam.,1
No era lo que esperaba. Quia quia facere iure.,0
Me encantó el producto. Facilis voluptatem ipsa esse.,1
Funcionó como esperaba. Explicabo sunt voluptas possimus quae.,1
Difícil de usar. A incidunt consequuntur sapiente fuga.,0
Producto dañado. Veniam temporibus dolorem voluptates hic similique est.,0
Producto llegó a tiempo. Dolorum reprehenderit unde.,1
No volveré a comprar. Animi odio libero explicabo eaque delectus.,0
No cumple con lo prometido. Ex quod excepturi provident.,0
Buen embalaje. Voluptatibus corrupti exercitationem suscipit consequatur aspernatur.,1
No cumple con lo prometido. Veniam omnis quas enim minima.,0
Muy mala experiencia. Est illo alias quasi.,0
Mala atención al cliente. Asperiores vero vitae cum.,0
Todo perfecto. Quasi esse fugiat labore eaque nemo.,1
Producto defectuoso. Delectus odio non officia fugit ea nam at.,0
Producto dañado. Sit accusantium quod iusto veniam nihil animi.,0
Me llegó incompleto. Inventore sit iste velit.,0
No volveré a comprar. Ex placeat adipisci vero ducimus nesciunt minus.,0
No cumple con lo prometido. Asperiores quae illum maiores a assumenda voluptates.,0
Buen embalaje. Culpa iure deleniti dolorum ratione.,1
No cumple con lo prometido. Sed nam odio soluta.,0
Excelente servicio. Aspernatur quos possimus tenetur aliquid.,1
Todo perfecto. Amet illo voluptatibus minima fugiat itaque repellat.,1
Producto dañado. Distinctio voluptatum numquam laudantium.,0
No volveré a comprar. Sequi corrupti aut consequuntur similique dicta.,0
Producto defectuoso. Labore ex fuga optio a nobis quam fugiat.,0
Producto llegó a tiempo. Odio cupiditate doloremque.,1
Difícil de usar. Quo iusto voluptas perferendis deserunt nesciunt.,0
No cumple con lo prometido. Assumenda debitis ut sit aliquid.,0
Me llegó incompleto. Consequatur provident officiis sunt.,0
Llegó tarde. Tempora atque aut veritatis quidem.,0
Empaque en mal estado. Sequi nisi quidem delectus nostrum nisi molestiae voluptatum.,0
Producto llegó a tiempo. Fugiat vel blanditiis modi.,1
Todo perfecto. Repellendus voluptatem nesciunt consectetur.,1
Llegó tarde. Repellat consequuntur excepturi adipisci iure.,0
Producto llegó a tiempo. Sit itaque maxime voluptates quia alias beatae.,1
Mala atención al cliente. Culpa omnis eius iure consectetur praesentium.,0
Buena calidad. Voluptatum fuga nemo eaque amet quam cum.,1
Producto defectuoso. Quia rem odio voluptas nam.,0
No era lo que esperaba. Optio natus accusantium ullam excepturi dolore veniam doloribus.,0
Volveré a comprar. Recusandae magni voluptatibus.,1
Muy recomendable. Vel quam reiciendis architecto quo dolorum.,1
Producto llegó a tiempo. Corrupti voluptates voluptatem labore harum excepturi.,1
No era lo que esperaba. Dolorum ratione magni debitis quia ab odit nulla.,0
No volveré a comprar. Similique distinctio voluptates porro atque optio aperiam.,0
Buen embalaje. Repellat delectus necessitatibus minima voluptates iure.,1
Producto llegó a tiempo. Quo commodi est.,1
Producto llegó a tiempo. Quis dicta quisquam sint a deleniti.,1
Me encantó el producto. Ipsam nihil a aspernatur.,1
No era lo que esperaba. Impedit sunt molestiae perspiciatis odio ratione.,0
Producto defectuoso. Ex impedit veritatis dolores.,0
Producto defectuoso. Dolorum quo atque incidunt numquam pariatur itaque.,0
Me encantó el producto. Quibusdam doloremque perferendis laborum quam incidunt.,1
Muy satisfecho con mi compra. Veniam perferendis expedita explicabo.,1
Muy recomendable. Quos iusto facilis repellendus reiciendis.,1
Pésimo servicio. Nostrum impedit possimus suscipit ut.,0
Relación calidad-precio excelente. Mollitia alias magnam voluptatibus molestiae.,1
Volveré a comprar. Explicabo id neque illum.,1
Producto dañado. Totam provident laudantium ipsum impedit saepe fugiat.,0
Muy recomendable. Omnis magnam a tenetur.,1
Muy mala experiencia. Dignissimos ea sed laudantium quaerat.,0
Producto llegó a tiempo. Quod vero ratione ad ipsam eius.,1
Atención rápida y eficaz. Aliquid facilis nisi ipsum nulla quae.,1
Muy mala experiencia. Quas autem minima.,0
No cumple con lo prometido. Fugit cumque sunt dolorem debitis.,0
Relación calidad-precio excelente. Quas cumque libero ducimus nesciunt.,1
Producto dañado. Porro assumenda asperiores.,0
No volveré a comprar. Ab aut perspiciatis maxime.,0
Llegó tarde. Cumque minima nobis perspiciatis non illum error.,0
Pésimo servicio. Quis tenetur non aliquid quos cumque dolorum.,0
Muy satisfecho con mi compra. Itaque cupiditate earum officia.,1
Muy mala experiencia. In expedita consectetur nam rerum aliquid possimus.,0
Producto dañado. Ex quod molestias aperiam est.,0
Excelente servicio. Corrupti eveniet perferendis deserunt minus eligendi.,1
No volveré a comprar. Ratione fugit voluptatibus dolore iste.,0
Pésimo servicio. Maxime voluptatum impedit nobis similique voluptatum aperiam ad.,0
Producto defectuoso. Voluptatem animi quia sequi alias.,0
Buena calidad. A voluptas voluptas sequi cumque voluptatum debitis.,1
No cumple con lo prometido. Ad quisquam modi eveniet assumenda quaerat.,0
Excelente servicio. Quos quis quaerat eveniet a laborum nam.,1
Buen embalaje. Alias distinctio similique dolorum sed veniam excepturi.,1
Empaque en mal estado. Explicabo molestias beatae eius harum.,0
Funcionó como esperaba. Distinctio doloremque odit delectus deserunt.,1
Buen embalaje. Eum molestias itaque vel ad.,1
Me encantó el producto. Adipisci ab nobis iure.,1
No cumple con lo prometido. Labore eos deserunt beatae rerum necessitatibus.,0
Empaque en mal estado. Totam possimus ad quam dolores aspernatur distinctio.,0
Relación calidad-precio excelente. Laboriosam dolorem maiores repellat at iusto.,1
No cumple con lo prometido. Reprehenderit animi ab qui quibusdam.,0
Me llegó incompleto. Minima ratione provident quia eum ad.,0
Producto dañado. Pariatur molestiae deleniti atque fugit est adipisci.,0
Me encantó el producto. Explicabo officiis optio.,1
Relación calidad-precio excelente. Natus reprehenderit nam autem repellendus.,1
Buena calidad. Voluptatem excepturi ducimus laboriosam.,1
Relación calidad-precio excelente. Voluptatum fugiat perspiciatis ipsam quidem.,1
Difícil de usar. Sint soluta dolorum earum quibusdam.,0
Me llegó incompleto. Quidem pariatur at porro perferendis ea.,0
Producto defectuoso. Porro possimus quas odit at deserunt.,0
Relación calidad-precio excelente. Deleniti adipisci esse quaerat eum placeat libero.,1
Buen embalaje. Dolor nulla mollitia.,1
Buen embalaje. Blanditiis cumque exercitationem saepe molestias.,1
Producto llegó a tiempo. Aut ducimus quae pariatur optio.,1
Producto dañado. Eum fuga sit ut repellendus repellendus ullam illum.,0
Producto defectuoso. Blanditiis vitae nisi porro doloremque.,0
Atención rápida y eficaz. Excepturi tempora asperiores tempora eum.,1
Muy mala experiencia. Repellat adipisci similique libero.,0
Me llegó incompleto. Exercitationem id culpa magni ad cum vel at.,0
Funcionó como esperaba. Sed doloremque adipisci velit esse vitae corporis.,1
Producto llegó a tiempo. Nesciunt unde velit aperiam laborum dicta eligendi.,1
No cumple con lo prometido. Quasi sapiente iste alias laudantium maiores dignissimos quos.,0
Mala atención al cliente. Magni et delectus illum blanditiis.,0
Producto dañado. Aut placeat dignissimos dolore.,0
Buen embalaje. Quae earum veniam quod earum.,1
Buena calidad. Ab consectetur alias voluptates repellendus.,1
Buena calidad. Nemo dicta vitae.,1
Buena calidad. Excepturi quaerat expedita dolorem.,1
Producto dañado. Officia ipsa a delectus facere consequuntur.,0
Buen embalaje. Nostrum quisquam minima accusantium alias animi.,1
Buen embalaje. Cupiditate necessitatibus maxime iusto dolorum velit tenetur.,1
Llegó tarde. At amet quisquam similique quos.,0
Buena calidad. Et dicta similique aut libero.,1
Muy mala experiencia. Magni minima placeat.,0
Pésimo servicio. Nisi necessitatibus ad aut.,0
Muy satisfecho con mi compra. Ea suscipit ex aspernatur delectus maxime dolore architecto.,1
No cumple con lo prometido. Tempore fugit temporibus quibusdam officiis libero soluta.,0
No era lo que esperaba. Ex ducimus blanditiis maxime corporis beatae.,0
Difícil de usar. Nemo quod corporis cupiditate necessitatibus.,0
No volveré a comprar. Ea nihil repellendus culpa saepe nobis dignissimos odio.,0
Me llegó incompleto. Quam ullam harum aliquid.,0
Muy recomendable. Nemo illum molestias tempora esse.,1
Me llegó incompleto. Animi officia illo corrupti facere maxime id aliquam.,0
Muy recomendable. Iusto sequi voluptatibus beatae.,1
Me encantó el producto. Dolorum sunt nobis velit dolorem.,1
Llegó tarde. Nostrum quos adipisci quisquam.,0
Atención rápida y eficaz. Quo nam eos ex repellendus distinctio nostrum.,1
Relación calidad-precio excelente. Vitae cum earum eum nemo eligendi.,1
Volveré a comprar. Corrupti reiciendis neque voluptas velit.,1
Buena calidad. Sed voluptatibus enim illum.,1
No cumple con lo prometido. Fugiat saepe quae nisi quaerat tempora.,0
Muy mala experiencia. Est odit a pariatur doloremque.,0
Producto dañado. Eos aperiam maxime pariatur.,0
Empaque en mal estado. Sit modi harum distinctio veritatis consequatur quod.,0
Me llegó incompleto. Assumenda consectetur beatae similique.,0
Todo perfecto. Ea eius quo eligendi.,1
Producto dañado. Sequi doloribus saepe dignissimos placeat sunt temporibus nihil.,0
Muy mala experiencia. Commodi deserunt hic sequi omnis.,0
Muy recomendable. Neque culpa excepturi.,1
Muy recomendable. Totam quod repellat voluptatum.,1
Funcionó como esperaba. Voluptate sit nam aliquam maxime in.,1
Mala atención al cliente. Voluptate totam explicabo numquam consequuntur cupiditate.,0
Todo perfecto. Neque nam adipisci esse ratione corporis sit.,1
Muy mala experiencia. Porro nemo libero ab nesciunt odit fuga.,0
Funcionó como esperaba. Repellat molestias esse officiis reprehenderit eligendi quod.,1
Llegó tarde. Esse assumenda tempora repellendus maiores.,0
Pésimo servicio. Minima molestiae occaecati id.,0
Buen embalaje. Aliquam asperiores vel repellendus dolor ad eius eius.,1
Producto dañado. Error alias corporis nisi doloribus dignissimos velit.,0
Atención rápida y eficaz. Voluptatum aliquid corporis.,1
Buena calidad. Laudantium inventore exercitationem maxime magni saepe voluptatum.,1
Me encantó el producto. Totam ducimus molestias ad necessitatibus quas qui.,1
Producto dañado. Iusto soluta deleniti perferendis ipsum sunt sint.,0
Muy recomendable. Aliquam commodi amet.,1
Todo perfecto. Similique natus fuga.,1
Buena calidad. Eos nemo sint magni blanditiis nam quis aliquam.,1
Muy satisfecho con mi compra. Debitis et sed voluptate reiciendis delectus odio.,1
Muy mala experiencia. Beatae nemo nulla expedita.,0
Muy mala experiencia. Ipsum molestias ipsa tempore quaerat quod tempora quaerat.,0
No volveré a comprar. Aliquam voluptate quis perspiciatis.,0
Me llegó incompleto. Et eius error animi.,0
Atención rápida y eficaz. Dolorum odio repellendus porro ratione.,1
Relación calidad-precio excelente. Itaque incidunt esse expedita autem praesentium.,1
Relación calidad-precio excelente. Nesciunt suscipit nobis ipsam.,1
Buena calidad. Fuga aspernatur nemo quaerat est dolorum quas.,1
Me llegó incompleto. Iure quo totam rerum.,0
Producto defectuoso. Quam rerum impedit dolores ratione eaque.,0
No volveré a comprar. Iste fugit harum accusantium quibusdam tempora asperiores.,0
Mala atención al cliente. Dolorem ad quisquam sapiente non in consequuntur.,0
Difícil de usar. Repudiandae consequuntur voluptate nobis adipisci eos earum rem.,0
Mala atención al cliente. Optio fuga tenetur illo libero.,0
Mala atención al cliente. Vitae iure quam voluptates earum.,0
Difícil de usar. Eum ex maiores molestias.,0
Llegó tarde. Sint illo dignissimos.,0
Muy satisfecho con mi compra. Iure aperiam aspernatur inventore voluptate.,1
Empaque en mal estado. Officiis ducimus praesentium quisquam possimus non.,0
Relación calidad-precio excelente. Praesentium quas magnam laudantium omnis dolores dolores.,1
Funcionó como esperaba. Est reiciendis quidem sunt error aut minima deserunt.,1
No era lo que esperaba. Quia natus ducimus tempora temporibus accusantium distinctio ducimus.,0
Buena calidad. Molestias at ullam ab expedita culpa nesciunt.,1
Empaque en mal estado. Nostrum ducimus exercitationem.,0
Buena calidad. Reiciendis numquam sequi velit a aliquid.,1
Muy mala experiencia. Quibusdam voluptatibus eum minima quaerat deserunt.,0
No volveré a comprar. Eaque molestiae temporibus corporis alias ad.,0
Relación calidad-precio excelente. Laboriosam earum architecto totam tempora.,1
No era lo que esperaba. Occaecati totam consequatur optio magni repellendus amet.,0
Llegó tarde. Laborum facilis perspiciatis unde dolore.,0
Muy recomendable. Assumenda quia vel cumque.,1
Difícil de usar. Quas cumque alias ipsum architecto veritatis commodi.,0
Mala atención al cliente. Dolores praesentium natus cupiditate.,0
Llegó tarde. At ab est voluptatum sit asperiores atque.,0
Relación calidad-precio excelente. Voluptatem sit adipisci beatae dicta.,1
Excelente servicio. Magnam neque labore iure a recusandae.,1
